epoch,loss,lr,val_loss
0.0,0.5676480915559374,0.0001,
1.0,0.3413756343981494,0.0001,
