epoch,loss,lr,val_loss
0,0.026668952879713135,0.0001,0.015742950439453125
